,Data,Expression
0,"[[161 156 146 ...  23  23  24]
 [126 110  89 ...  24  24  29]
 [ 71  62  43 ...  24  27  30]
 ...
 [ 36  43  43 ... 103 206 206]
 [ 35  42  46 ... 106 218 206]
 [ 40  39  44 ... 112 223 214]]",SAD
1,"[[ 29  29  29 ...  43  28  28]
 [ 29  28  27 ...  34  28  27]
 [ 28  28  25 ...  35  28  26]
 ...
 [135 128 100 ...  63  50  89]
 [158 159 151 ...  74  56  94]
 [158 166 169 ...  90  80  96]]",FEAR
2,"[[112  77  40 ...  29  24  24]
 [ 57  35  33 ...  32  25  27]
 [ 33  29  26 ...  33  26  27]
 ...
 [123 115 108 ...  45  62 145]
 [147 152 143 ...  47  66 141]
 [157 157 165 ...  68  79 141]]",FEAR
3,"[[ 32  31  30 ...  55  34  28]
 [ 30  29  27 ...  58  34  28]
 [ 29  27  27 ... 100  43  28]
 ...
 [104  91  78 ...  84  49  53]
 [145 137 126 ...  93  59  64]
 [156 160 152 ... 103  93 109]]",SAD
4,"[[ 39  30  31 ...  44  27  27]
 [ 30  30  29 ...  37  26  27]
 [ 27  29  30 ...  33  27  26]
 ...
 [ 97  71  71 ...  40  52  97]
 [100  97  88 ...  45  56  99]
 [142 129 121 ...  56  71  99]]",SAD
5,"[[ 49  33  30 ...  50  45  32]
 [ 45  31  29 ...  55  55  37]
 [ 44  30  26 ...  42  40  39]
 ...
 [157 162 167 ...  56  77  90]
 [157 160 167 ...  60  82  91]
 [158 158 162 ...  64  83  95]]",SAD
6,"[[168 171 174 ...  67  34  30]
 [170 170 169 ... 124  38  29]
 [155 146 131 ... 150  38  31]
 ...
 [ 51  55  57 ...  37  38  48]
 [ 44  50  54 ...  37  36  50]
 [ 45  46  50 ...  37  36  51]]",SAD
7,"[[ 82  78  69 ... 169  70  30]
 [ 48  45  42 ... 126  53  29]
 [ 47  42  37 ...  58  40  29]
 ...
 [ 52  43  41 ...  35  37  41]
 [ 58  49  39 ...  37  37  42]
 [ 58  56  41 ...  36  38  42]]",SAD
8,"[[ 86  74  68 ...  21  20  21]
 [ 48  46  40 ...  20  20  22]
 [ 44  60  31 ...  22  19  22]
 ...
 [ 85  95 107 ...  98  79  79]
 [ 97 108 120 ... 105 130 127]
 [113 120 132 ... 105 120 179]]",FEAR
9,"[[ 27  26  24 ...  23  25  28]
 [ 34  26  23 ...  23  23  29]
 [ 30  24  23 ...  23  22  25]
 ...
 [ 95 100 109 ...  84  78  74]
 [106 112 122 ...  82  75  73]
 [114 123 134 ...  83  74  77]]",ANGRY
10,"[[ 26  28  27 ... 184 183 181]
 [ 26  34  33 ... 178 180 181]
 [ 27  35  33 ... 127 151 182]
 ...
 [ 76  76  77 ...  90  58  40]
 [ 79  80  86 ...  96  77  52]
 [ 81  86  96 ... 100 115 137]]",HAPPY
11,"[[ 27  27  27 ... 182 182 146]
 [ 30  36  33 ... 181 183 173]
 [ 28  37  32 ... 119 178 182]
 ...
 [ 79  79  82 ...  87  48  47]
 [ 81  88  96 ... 106 119  62]
 [ 89  97 107 ... 109 118 169]]",FEAR
12,"[[158 152 105 ...  70 139 180]
 [138 117  74 ...  73 147 179]
 [ 97  63  39 ...  48  97 161]
 ...
 [ 89  71  56 ... 104 102 105]
 [ 88  77  60 ... 102 103 102]
 [ 70  51  42 ...  98 102  99]]",SAD
13,"[[ 85  85  85 ...  39  36  38]
 [ 59  63  63 ...  42  35  39]
 [ 47  49  51 ...  43  37  40]
 ...
 [ 65  65  67 ... 159 156 158]
 [ 68  66  67 ... 157 156 156]
 [ 68  69  69 ... 155 155 157]]",SAD
14,"[[ 78  79  79 ...  75  85  67]
 [ 82  82  84 ...  92  97  78]
 [102  98 101 ... 111 106  86]
 ...
 [157 156 153 ...  46  42  40]
 [157 152 153 ...  46  42  38]
 [158 154 155 ...  43  41  41]]",SAD
15,"[[172 172 170 ...  55  41  39]
 [172 171 172 ...  52  42  35]
 [173 171 171 ...  50  40  34]
 ...
 [184 184 185 ...  36  38  37]
 [183 184 184 ...  38  37  38]
 [185 185 185 ...  38  37  37]]",SAD
16,"[[ 62  76 143 ...  73  62  62]
 [ 88 120 157 ...  48  44  43]
 [ 84 145 158 ...  35  34  39]
 ...
 [197 235 239 ...  31  33  33]
 [220 242 241 ...  42  30  33]
 [237 246 242 ...  60  37  30]]",SAD
17,"[[108 156 160 ...  70  70  75]
 [145 159 162 ...  47  44  47]
 [152 160 165 ...  34  39  39]
 ...
 [231 242 238 ...  31  32  33]
 [243 242 240 ...  30  31  34]
 [247 245 239 ...  41  30  31]]",SAD
18,"[[158 163 162 ...  56  56  61]
 [158 163 165 ...  41  42  43]
 [160 165 165 ...  30  37  40]
 ...
 [221 237 238 ...  31  32  34]
 [238 240 237 ...  31  32  33]
 [243 240 239 ...  34  29  31]]",SAD
19,"[[155 160 164 ...  85  95  98]
 [160 161 164 ...  56  60  66]
 [160 163 164 ...  39  41  44]
 ...
 [210 233 236 ...  33  32  31]
 [230 237 237 ...  33  33  33]
 [240 240 235 ...  31  34  32]]",SAD
20,"[[164 162 164 ...  36  34  35]
 [166 164 165 ...  34  33  36]
 [167 164 164 ...  31  33  34]
 ...
 [150 123  98 ...  41  42  44]
 [159 127  95 ...  40  41  45]
 [159 122  92 ...  39  42  43]]",ANGRY
21,"[[162 159 158 ... 115 112 128]
 [164 165 164 ...  64  77  94]
 [164 165 166 ...  37  49  62]
 ...
 [ 88  83  76 ...  43  46  52]
 [ 85  79  77 ...  43  45  53]
 [ 85  80  77 ...  43  46  63]]",ANGRY
22,"[[102  96  88 ... 100 109 126]
 [162 164 163 ...  51  61  85]
 [163 165 163 ...  33  40  50]
 ...
 [ 89  84  78 ...  43  46  50]
 [ 87  82  80 ...  41  44  51]
 [ 85  80  77 ...  44  47  57]]",ANGRY
23,"[[ 37  35  34 ... 135 141 144]
 [121 115 108 ...  97 121 114]
 [160 164 163 ...  57  74  71]
 ...
 [ 85  79  75 ...  45  53  80]
 [ 87  80  77 ...  48  59 151]
 [ 87  80  75 ...  51  85 219]]",ANGRY
24,"[[110 116  72 ...  24  25  24]
 [109 113  61 ...  32  27  26]
 [107 103  56 ...  41  30  32]
 ...
 [ 21  21  20 ...  34  35  37]
 [ 22  27  26 ...  33  33  33]
 [ 23  33  25 ...  32  30  29]]",SAD
25,"[[ 36  34  35 ... 134 145 138]
 [129 124 117 ... 108 116 103]
 [163 163 164 ...  67  66  69]
 ...
 [ 82  79  75 ...  47  58 143]
 [ 85  79  75 ...  50  70 222]
 [ 82  78  74 ...  59 145 237]]",ANGRY
26,"[[ 38  37  37 ... 123 119 113]
 [ 35  34  34 ...  92  96  95]
 [125 120 111 ...  62  70  72]
 ...
 [ 83  79  73 ...  48  60 101]
 [ 83  79  74 ...  49  58 180]
 [ 81  79  74 ...  52  86 239]]",ANGRY
27,"[[109  65  26 ...  24  26  40]
 [105  53  26 ...  29  33  29]
 [ 99  54  23 ...  32  36  25]
 ...
 [ 23  24  19 ...  36  39  40]
 [ 30  29  22 ...  34  35  34]
 [ 29  25  25 ...  31  33  35]]",SAD
28,"[[ 40  40  38 ...  58  58  59]
 [ 33  34  33 ...  66  74  67]
 [ 68  61  55 ...  79  99  94]
 ...
 [ 81  78  74 ...  48  61  78]
 [ 82  78  73 ...  50  61 119]
 [ 83  77  75 ...  49  63 202]]",SAD
29,"[[109  96  33 ...  28  23  26]
 [106  83  29 ...  29  28  33]
 [ 98  74  27 ...  28  32  36]
 ...
 [ 19  20  19 ...  30  33  37]
 [ 20  25  23 ...  39  38  38]
 [ 23  35  24 ...  31  33  33]]",SAD
30,"[[ 54  51  40 ...  71  88  93]
 [ 37  36  36 ...  55  67  72]
 [ 47  43  38 ...  47  61  65]
 ...
 [ 92  87  79 ...  45  54  68]
 [ 97  86  80 ...  44  53  66]
 [ 98  88  80 ...  47  54 108]]",SAD
31,"[[ 97  92  42 ... 101  99  95]
 [ 41  43  39 ...  77  80  87]
 [ 35  35  34 ...  61  68  73]
 ...
 [ 94  93  81 ...  50  62  81]
 [ 98  92  81 ...  51  61 144]
 [ 99  93  81 ...  52  69 219]]",SAD
32,"[[112 100  37 ...  28  25  26]
 [108  90  30 ...  30  27  32]
 [105  79  28 ...  32  35  40]
 ...
 [ 21  20  18 ...  32  33  35]
 [ 22  22  20 ...  38  38  38]
 [ 23  34  26 ...  34  33  33]]",HAPPY
33,"[[157 158 158 ... 120 119 115]
 [156 157 158 ... 122 120 118]
 [155 156 157 ... 125 123 122]
 ...
 [160 162 162 ...  61  66  72]
 [161 163 163 ...  64  68  72]
 [161 163 163 ...  70  71  71]]",SAD
34,"[[ 90  78  40 ... 101 101  97]
 [ 40  40  39 ...  73  79  83]
 [ 34  36  33 ...  57  68  74]
 ...
 [ 92  83  78 ...  48  59  74]
 [ 93  87  79 ...  49  60  82]
 [ 97  88  80 ...  48  57 156]]",SAD
35,"[[114 100  46 ... 113 103  94]
 [ 47  47  40 ...  87  91  93]
 [ 36  36  33 ...  66  70  80]
 ...
 [ 94  90  80 ...  54  67 128]
 [ 97  90  81 ...  54  65 204]
 [101  93  77 ...  54 112 242]]",SAD
36,"[[ 68  62  39 ...  95 100  94]
 [ 37  37  38 ...  71  74  82]
 [ 38  37  34 ...  58  67  71]
 ...
 [ 93  88  80 ...  49  59  75]
 [ 97  88  80 ...  49  57 140]
 [101  87  76 ...  49  67 220]]",SAD
37,"[[ 56  44  36 ...  94  96  97]
 [ 36  37  35 ...  70  75  80]
 [ 39  37  34 ...  58  67  71]
 ...
 [ 91  80  78 ...  48  62  73]
 [ 90  81  77 ...  50  62  97]
 [ 91  80  77 ...  49  59 178]]",SAD
38,"[[ 64  67  59 ...  99 105 105]
 [ 36  37  38 ...  65  77  81]
 [ 39  38  36 ...  49  64  68]
 ...
 [ 98  95  86 ...  47  53  65]
 [100  95  85 ...  45  50  74]
 [105  98  83 ...  45  53 149]]",SAD
39,"[[ 58  64  58 ... 106 106  98]
 [ 35  37  37 ...  75  80  88]
 [ 47  42  40 ...  58  68  74]
 ...
 [ 98  97  87 ...  49  60 170]
 [105 101  88 ...  50  86 233]
 [110 104  89 ...  60 177 229]]",SAD
40,"[[ 45  44  40 ...  91  98  99]
 [ 35  34  33 ...  64  72  76]
 [ 72  66  59 ...  50  63  65]
 ...
 [ 98  92  80 ...  45  56  65]
 [ 99  89  78 ...  46  52 107]
 [103  92  77 ...  48  62 191]]",SAD
41,"[[ 63  61  41 ... 113 110 102]
 [ 37  36  37 ...  81  86  93]
 [ 40  37  35 ...  59  68  72]
 ...
 [ 94  90  80 ...  49  59  77]
 [ 95  89  78 ...  48  57 134]
 [101  92  78 ...  49  64 213]]",SAD
42,"[[ 44  43  41 ...  99 103 102]
 [ 35  34  33 ...  70  73  76]
 [ 82  75  69 ...  56  64  67]
 ...
 [ 95  90  81 ...  49  60  99]
 [101  95  79 ...  48  60 186]
 [104  94  79 ...  55 111 233]]",SAD
43,"[[ 96  81  39 ... 120 108  97]
 [ 41  41  40 ... 100 102 100]
 [ 35  35  33 ...  72  75  85]
 ...
 [ 91  87  78 ...  52  67 160]
 [ 92  86  75 ...  54  81 233]
 [ 97  87  74 ...  55 157 242]]",SAD
44,"[[ 96  72  37 ... 119 110  97]
 [ 40  42  40 ...  98 100  98]
 [ 34  35  34 ...  71  77  84]
 ...
 [ 92  81  78 ...  49  66 100]
 [ 93  81  77 ...  50  62 160]
 [ 95  83  74 ...  50  77 231]]",SAD
45,"[[ 38  38  37 ...  53  72  77]
 [ 38  35  35 ...  39  53  61]
 [134 126 118 ...  37  45  56]
 ...
 [107 101  89 ...  45  48  57]
 [110 105  87 ...  46  50  59]
 [116 105  85 ...  47  54  83]]",SAD
46,"[[164 167 168 ...  93 116 147]
 [168 168 169 ...  82  97 117]
 [168 168 173 ...  55  65  73]
 ...
 [240 243 208 ...  34  38  40]
 [241 243 211 ...  34  37  38]
 [236 243 220 ...  36  38  39]]",ANGRY
47,"[[166 166 169 ...  51  41  40]
 [165 165 171 ...  39  36  37]
 [165 166 170 ...  31  26  27]
 ...
 [236 223 237 ...  37  38  41]
 [238 213 240 ...  39  39  40]
 [243 211 236 ...  37  37  39]]",SAD
48,"[[162 165 168 ...  39  37  31]
 [160 164 168 ...  34  34  28]
 [153 157 162 ...  29  28  28]
 ...
 [238 239 245 ...  38  35  36]
 [241 234 239 ...  55  38  39]
 [244 239 231 ...  74  50  40]]",HAPPY
49,"[[161 164 167 ...  37  38  35]
 [159 161 166 ...  33  34  27]
 [123 128 134 ...  29  29  28]
 ...
 [242 244 233 ...  64  38  36]
 [246 241 240 ...  75  55  40]
 [250 243 235 ...  78  76  47]]",SAD
50,"[[163 167 172 ...  43  39  35]
 [162 167 170 ...  38  38  30]
 [142 151 155 ...  36  32  25]
 ...
 [242 232 231 ...  37  35  36]
 [243 241 225 ...  50  34  36]
 [242 240 236 ...  69  42  38]]",HAPPY
51,"[[165 167 168 ...  54  43  42]
 [164 168 169 ...  39  37  35]
 [156 160 164 ...  38  29  26]
 ...
 [243 233 233 ...  34  35  36]
 [244 241 228 ...  40  35  36]
 [244 240 237 ...  52  37  38]]",HAPPY
52,"[[29 33 31 ... 40 39 38]
 [38 47 44 ... 43 43 40]
 [35 39 34 ... 44 43 40]
 ...
 [36 38 41 ... 33 33 31]
 [45 47 55 ... 32 31 32]
 [75 74 76 ... 32 32 30]]",SAD
53,"[[166 168 170 ...  56  42  40]
 [165 169 171 ...  39  35  38]
 [160 164 167 ...  37  28  27]
 ...
 [237 235 234 ...  35  36  35]
 [243 230 224 ...  36  37  36]
 [242 239 220 ...  39  37  38]]",SAD
54,"[[167 168 172 ...  61  45  40]
 [167 170 171 ...  41  35  35]
 [163 166 166 ...  37  33  29]
 ...
 [238 243 222 ...  35  34  37]
 [234 234 228 ...  35  36  36]
 [241 228 221 ...  37  37  37]]",HAPPY
55,"[[166 169 170 ...  66  77 100]
 [167 169 172 ...  50  49  62]
 [168 169 172 ...  38  40  45]
 ...
 [238 242 227 ...  34  37  39]
 [237 234 230 ...  34  36  39]
 [243 232 222 ...  35  36  40]]",ANGRY
56,"[[167 166 169 ...  71 102 124]
 [166 166 171 ...  68  87 100]
 [166 168 171 ...  45  55  65]
 ...
 [241 244 220 ...  35  37  38]
 [237 239 227 ...  35  36  38]
 [240 229 225 ...  36  37  40]]",ANGRY
57,"[[166 168 170 ...  84 107 129]
 [166 169 171 ...  66  85  98]
 [168 169 171 ...  44  51  63]
 ...
 [240 242 206 ...  35  39  41]
 [234 239 210 ...  36  38  40]
 [235 227 216 ...  33  38  39]]",ANGRY
58,"[[169 168 171 ...  91 115 147]
 [166 168 172 ...  82  99 116]
 [165 170 171 ...  51  60  72]
 ...
 [240 244 207 ...  37  39  40]
 [234 239 213 ...  36  36  37]
 [238 229 216 ...  36  39  36]]",ANGRY
59,"[[169 171 171 ...  99 124 164]
 [169 169 171 ...  95 109 128]
 [168 170 171 ...  61  73  85]
 ...
 [242 242 199 ...  37  39  41]
 [236 243 201 ...  37  38  38]
 [233 231 206 ...  35  37  38]]",ANGRY
60,"[[165 166 168 ... 120 149 193]
 [167 168 170 ... 114 133 184]
 [168 169 171 ...  81  95 107]
 ...
 [241 245 207 ...  38  39  41]
 [237 242 214 ...  37  38  40]
 [239 231 216 ...  35  36  41]]",ANGRY
61,"[[164 165 164 ... 137 167 167]
 [165 167 169 ... 135 185 212]
 [167 166 170 ... 118 147 179]
 ...
 [240 241 236 ...  37  40  41]
 [241 232 236 ...  37  38  41]
 [246 235 222 ...  36  38  40]]",ANGRY
62,"[[166 169 172 ... 124 153 180]
 [169 171 172 ... 117 146 217]
 [167 170 171 ... 100 113 135]
 ...
 [245 238 199 ...  39  41  41]
 [242 238 197 ...  37  38  40]
 [233 238 200 ...  37  38  40]]",ANGRY
63,"[[167 170 172 ... 131 168 204]
 [166 172 174 ... 119 157 208]
 [166 170 173 ...  88 103 119]
 ...
 [240 241 200 ...  37  38  40]
 [232 237 206 ...  36  37  39]
 [237 227 207 ...  36  39  39]]",ANGRY
64,"[[163 166 168 ... 145 188 173]
 [167 168 170 ... 140 200 207]
 [168 169 172 ... 131 182 218]
 ...
 [240 244 212 ...  40  39  42]
 [235 239 214 ...  40  40  40]
 [238 228 218 ...  37  39  40]]",ANGRY
65,"[[166 170 171 ...  73  79  94]
 [165 170 172 ...  44  48  55]
 [164 168 167 ...  38  40  42]
 ...
 [174 172 178 ...  33  34  35]
 [173 170 184 ...  34  35  36]
 [169 175 203 ...  35  37  36]]",NEUTRAL
66,"[[26 24 24 ... 34 38 41]
 [25 22 24 ... 36 36 40]
 [23 22 23 ... 33 36 40]
 ...
 [32 29 27 ... 34 34 31]
 [31 28 26 ... 33 32 29]
 [32 29 26 ... 34 32 29]]",SAD
67,"[[167 166 171 ...  47  51  67]
 [165 169 171 ...  37  41  44]
 [163 168 171 ...  32  36  40]
 ...
 [176 176 174 ...  34  34  37]
 [173 171 172 ...  33  35  37]
 [169 170 171 ...  36  35  34]]",HAPPY
68,"[[33 30 28 ... 19 21 20]
 [33 29 27 ... 20 21 20]
 [33 30 30 ... 19 21 23]
 ...
 [43 38 31 ... 40 41 40]
 [41 39 31 ... 40 43 41]
 [42 39 34 ... 40 42 41]]",SAD
69,"[[159 164 165 ... 157  94  57]
 [164 164 164 ... 160 132 102]
 [164 164 167 ... 168 138 105]
 ...
 [181 181 195 ...  41  41  43]
 [180 182 210 ...  39  41  42]
 [178 188 220 ...  41  42  42]]",SAD
70,"[[134 126 120 ...  37  38  42]
 [ 84  87  86 ...  28  33  38]
 [ 42  43  41 ...  32  33  40]
 ...
 [185 182 169 ...  40  39  43]
 [182 178 130 ...  40  42  43]
 [182 159 106 ...  41  44  44]]",SAD
71,"[[ 96  92  90 ... 120 122 137]
 [118 108 105 ...  56  72  98]
 [117 115 114 ...  38  46  59]
 ...
 [181 181 180 ...  43  44  46]
 [183 177 153 ...  41  44  44]
 [181 147  94 ...  40  43  47]]",SAD
72,"[[151 150 155 ...  22  29  35]
 [151 150 153 ...  24  31  40]
 [153 152 156 ...  28  38  44]
 ...
 [ 24  24  23 ...  34  35  33]
 [ 23  24  22 ...  35  33  31]
 [ 22  24  24 ...  35  34  31]]",SAD
73,"[[ 93  91  89 ... 148 146 147]
 [110 103  99 ...  78  98 119]
 [125 122 119 ...  50  67  73]
 ...
 [181 181 182 ...  41  42  46]
 [180 182 181 ...  43  44  46]
 [180 180 168 ...  42  43  44]]",SAD
74,"[[149 150 152 ...  39  44  47]
 [149 151 155 ...  44  47  48]
 [151 153 156 ...  45  47  48]
 ...
 [ 25  24  21 ...  34  35  34]
 [ 24  25  22 ...  36  35  34]
 [ 23  23  21 ...  38  38  34]]",ANGRY
75,"[[ 88  86  83 ... 139 130 119]
 [ 88  90  85 ... 146 133 120]
 [ 98  94  90 ... 143 135 125]
 ...
 [181 181 182 ...  46  47  50]
 [180 180 181 ...  47  46  51]
 [183 179 168 ...  43  46  54]]",SAD
76,"[[150 152 154 ...  49  50  49]
 [152 155 153 ...  50  51  50]
 [151 155 152 ...  51  49  47]
 ...
 [ 24  24  23 ...  35  37  34]
 [ 23  24  22 ...  35  37  33]
 [ 24  24  21 ...  36  35  34]]",ANGRY
77,"[[ 84  84  84 ... 137 127 118]
 [ 89  88  88 ... 146 134 120]
 [101  97  93 ... 138 133 124]
 ...
 [182 180 182 ...  46  48  51]
 [181 182 180 ...  45  47  53]
 [182 179 151 ...  47  47  57]]",SAD
78,"[[148 154 152 ...  41  46  52]
 [153 153 152 ...  47  47  48]
 [156 154 151 ...  49  48  47]
 ...
 [ 25  25  24 ...  37  33  33]
 [ 24  25  23 ...  35  34  35]
 [ 23  22  23 ...  33  34  34]]",ANGRY
79,"[[ 89  87  86 ... 153 143 131]
 [ 96  92  89 ... 143 143 136]
 [122 114 106 ...  97 112 112]
 ...
 [181 181 181 ...  44  45  49]
 [184 179 177 ...  42  45  48]
 [180 168 122 ...  44  43  48]]",SAD
80,"[[149 150 149 ...  22  29  40]
 [150 152 151 ...  27  36  47]
 [153 153 148 ...  38  45  48]
 ...
 [ 26  24  23 ...  41  38  35]
 [ 24  23  22 ...  38  36  34]
 [ 23  24  22 ...  35  38  36]]",SAD
81,"[[ 40  40  39 ...  32  35  40]
 [142 136 129 ...  40  39  39]
 [162 165 166 ...  39  34  32]
 ...
 [225 206 179 ...  40  41  43]
 [238 217 186 ...  42  42  44]
 [236 215 176 ...  44  46  47]]",SAD
82,"[[129 131 133 ...  26  29  28]
 [126 131 128 ...  32  33  30]
 [123 121 123 ...  44  36  36]
 ...
 [ 22  24  36 ...  36  35  33]
 [ 24  27  37 ...  40  39  37]
 [ 32  34  33 ...  55  51  49]]",SAD
83,"[[121 114 107 ...  39  42  44]
 [163 165 164 ...  41  36  34]
 [162 167 166 ...  37  35  38]
 ...
 [240 234 221 ...  45  47  47]
 [240 231 218 ...  45  46  46]
 [237 230 203 ...  47  45  47]]",HAPPY
84,"[[166 167 167 ...  69  80  85]
 [165 167 168 ...  70  71  69]
 [167 169 170 ...  81  73  73]
 ...
 [247 238 235 ... 138 138 140]
 [245 238 237 ... 137 139 139]
 [239 239 237 ... 134 141 141]]",HAPPY
85,"[[171 171 173 ...  87 104 120]
 [172 171 175 ... 105  97  97]
 [171 172 175 ... 105  97 103]
 ...
 [255 253 254 ... 179 179 178]
 [254 255 255 ... 176 178 179]
 [251 254 252 ... 175 178 178]]",HAPPY
86,"[[172 173 173 ... 120 127 122]
 [172 173 173 ... 102 117 117]
 [173 174 171 ... 100 104 102]
 ...
 [251 253 251 ... 176 174 173]
 [253 254 242 ... 182 180 179]
 [255 251 234 ... 180 181 181]]",HAPPY
87,"[[118 114 107 ...  43  35  38]
 [ 61  66  59 ...  45  48  51]
 [ 43  45  40 ...  53  64  63]
 ...
 [ 42  36  38 ... 122 123 126]
 [ 41  35  38 ... 133 131 134]
 [ 45  42  46 ... 138 139 143]]",SAD
88,"[[171 170 168 ... 112 112 111]
 [172 170 171 ... 128 132 130]
 [172 173 172 ... 118 120 156]
 ...
 [160 227 227 ... 174 171 173]
 [ 62  68  91 ... 178 177 175]
 [ 53  56  63 ... 182 183 180]]",HAPPY
89,"[[130 131 129 ...  34  31  32]
 [126 126 126 ...  36  33  35]
 [ 87  68  90 ...  41  40  41]
 ...
 [ 49  54  41 ... 133 129 127]
 [ 75  57  50 ... 143 144 148]
 [ 79  56  61 ... 172 166 164]]",SAD
90,"[[168 163 161 ... 106 105 102]
 [170 172 174 ... 124 125 124]
 [170 171 173 ... 120 124 165]
 ...
 [ 40  43  47 ... 182 181 175]
 [ 34  37  37 ... 181 182 176]
 [ 34  34  34 ... 181 179 178]]",HAPPY
91,"[[143 146 140 ...  84  80  84]
 [147 148 145 ...  94  96  86]
 [146 146 144 ... 105 150  76]
 ...
 [ 30  32  31 ... 151 149 145]
 [ 27  28  29 ... 150 150 146]
 [ 28  26  29 ... 152 151 147]]",HAPPY
92,"[[ 91  82  77 ...  83  92  90]
 [133 134 138 ...  80  81  89]
 [135 138 135 ...  92  99  66]
 ...
 [ 27  29  30 ... 140 136 135]
 [ 26  25  26 ... 144 137 137]
 [ 24  24  26 ... 142 136 135]]",HAPPY
93,"[[ 99  99  96 ...  28  38  35]
 [ 94  98  93 ...  26  34  37]
 [ 78  83  86 ...  24  23  25]
 ...
 [ 50  39  39 ... 118 121 120]
 [ 54  38  50 ... 134 130 128]
 [ 55  33  51 ... 153 147 144]]",SAD
94,"[[137 134 132 ...  72  73  75]
 [138 134 137 ...  89  90  96]
 [139 136 135 ...  81  97 146]
 ...
 [ 28  30  29 ... 130 130 129]
 [ 27  28  27 ... 134 135 132]
 [ 28  29  27 ... 141 139 134]]",SAD
95,"[[123 119 113 ...  82  87  85]
 [136 134 135 ...  79  80  81]
 [137 136 136 ...  92  98 100]
 ...
 [ 31  29  27 ... 124 125 127]
 [ 30  26  27 ... 131 134 131]
 [ 31  30  30 ... 135 136 132]]",SAD
96,"[[133 133 134 ...  69  72  72]
 [136 134 135 ...  89  87  88]
 [138 137 135 ...  84  98 143]
 ...
 [ 28  28  30 ... 127 126 126]
 [ 29  30  28 ... 133 133 131]
 [ 26  32  29 ... 139 138 132]]",SAD
97,"[[132 128 127 ...  74  75  74]
 [137 134 137 ...  82  82  83]
 [138 137 136 ...  87  93 127]
 ...
 [ 28  29  30 ... 124 123 126]
 [ 28  29  29 ... 130 130 130]
 [ 29  30  30 ... 137 138 133]]",SAD
98,"[[124 121 117 ...  78  85  85]
 [137 133 134 ...  78  79  82]
 [141 138 135 ...  93  90 104]
 ...
 [ 30  30  31 ... 121 121 120]
 [ 31  29  29 ... 130 129 129]
 [ 30  27  29 ... 131 135 131]]",SAD
99,"[[132 132 132 ...  67  73  71]
 [136 134 134 ...  86  85  81]
 [139 135 136 ...  92  93 123]
 ...
 [ 30  28  30 ... 116 115 118]
 [ 29  28  29 ... 127 126 124]
 [ 28  29  28 ... 131 130 129]]",SAD
100,"[[127 126 123 ...  42  47  47]
 [123 124 122 ...  40  43  44]
 [124 121 120 ...  41  41  42]
 ...
 [ 94  95  97 ... 243 241 244]
 [ 95  97 100 ... 245 244 245]
 [ 89  96 103 ... 246 246 247]]",FEAR
101,"[[128 128 121 ...  77  85  93]
 [136 135 136 ...  90  81  80]
 [138 138 135 ...  92  89 107]
 ...
 [ 31  31  30 ... 117 120 123]
 [ 28  30  31 ... 131 127 127]
 [ 27  30  28 ... 133 133 130]]",SAD
102,"[[135 135 132 ...  83  88  89]
 [135 135 135 ...  88  91  82]
 [136 134 136 ...  89  89 123]
 ...
 [ 28  31  28 ... 121 120 122]
 [ 29  31  26 ... 129 125 125]
 [ 29  30  28 ... 133 129 129]]",SAD
103,"[[ 97  97  97 ...  41  34  26]
 [ 98  97  95 ...  34  34  33]
 [ 92  96  87 ...  22  27  31]
 ...
 [ 46  32  34 ...  95  96  99]
 [ 46  40  45 ... 140 124 114]
 [ 47  48  63 ... 133 127 128]]",SAD
104,"[[130 131 129 ...  78  86  94]
 [136 136 135 ...  88  83  76]
 [136 137 134 ...  96  90 102]
 ...
 [ 30  31  30 ... 124 124 122]
 [ 30  30  28 ... 132 130 127]
 [ 30  30  29 ... 137 134 132]]",SAD
105,"[[108  99  93 ...  68  78  79]
 [136 135 134 ...  88  87  87]
 [140 140 134 ...  90  85  77]
 ...
 [ 28  31  31 ... 122 124 127]
 [ 28  29  29 ... 130 131 129]
 [ 27  29  28 ... 133 133 127]]",SAD
106,"[[ 76  67  59 ...  65  76  77]
 [132 132 130 ...  97 101 106]
 [138 138 135 ...  86  80  82]
 ...
 [ 28  29  29 ... 126 126 126]
 [ 30  29  28 ... 129 129 127]
 [ 30  30  29 ... 134 132 129]]",HAPPY
107,"[[118 114 107 ...  66  79  81]
 [136 134 134 ...  89  86  85]
 [136 136 136 ...  93  84  81]
 ...
 [ 30  31  30 ... 116 117 119]
 [ 28  29  29 ... 126 127 127]
 [ 29  29  30 ... 133 130 130]]",SAD
108,"[[ 68  60  53 ...  68  74  74]
 [137 135 132 ...  69  71  71]
 [139 137 136 ...  89  99 104]
 ...
 [ 30  34  33 ... 113 113 118]
 [ 28  30  30 ... 128 126 124]
 [ 29  29  29 ... 130 129 130]]",HAPPY
109,"[[ 89  93  95 ...  41  38  31]
 [ 87  94  99 ...  35  24  29]
 [ 85  93  97 ...  35  31  36]
 ...
 [ 65  47  40 ... 124 118 114]
 [ 66  49  45 ... 131 135 134]
 [ 65  47  40 ... 150 154 155]]",SAD
110,"[[133 137 137 ...  71  70  72]
 [137 135 137 ...  74  89 114]
 [137 133 136 ...  99 148 136]
 ...
 [ 29  27  30 ... 126 128 126]
 [ 29  29  31 ... 134 133 129]
 [ 31  31  30 ... 136 132 130]]",SAD
111,"[[138 136 136 ...  65  65  73]
 [136 136 137 ...  73  81  92]
 [136 135 136 ...  98 142 110]
 ...
 [ 32  30  30 ... 127 126 124]
 [ 31  29  30 ... 132 127 127]
 [ 32  31  30 ... 136 137 132]]",SAD
112,"[[100 100  98 ...  22  22  25]
 [ 94  97  94 ...  22  23  24]
 [ 65  79  82 ...  23  23  22]
 ...
 [ 37  31  27 ...  88  94  71]
 [ 41  34  33 ...  97 100 108]
 [ 47  37  41 ... 103 108 108]]",SAD
113,"[[136 133 136 ...  72  65  78]
 [138 136 137 ...  71  81 107]
 [138 134 136 ...  92 122 156]
 ...
 [ 32  32  31 ... 125 123 120]
 [ 30  29  30 ... 129 128 129]
 [ 32  29  30 ... 135 132 129]]",ANGRY
114,"[[135 132 137 ...  63  71  79]
 [136 133 137 ...  76  79  83]
 [138 134 138 ... 109 154  92]
 ...
 [ 29  29  31 ... 124 123 122]
 [ 30  31  31 ... 129 127 126]
 [ 30  30  30 ... 136 133 129]]",ANGRY
115,"[[137 135 136 ...  68  67  70]
 [138 136 139 ...  83  96 131]
 [136 134 138 ...  87 119 165]
 ...
 [ 32  30  30 ... 113 101  92]
 [ 30  31  28 ... 113 119 124]
 [ 31  32  30 ... 129 128 128]]",ANGRY
116,"[[ 96  98  95 ...  24  34  41]
 [ 94  97  94 ...  26  25  26]
 [ 45  61  67 ...  27  22  23]
 ...
 [ 53  41  39 ... 109 110 108]
 [ 55  47  59 ... 120 119 118]
 [ 50  38  67 ... 126 129 130]]",SAD
117,"[[136 133 137 ...  70  66  75]
 [137 137 140 ...  69  80  72]
 [138 136 138 ...  97 139 120]
 ...
 [ 30  32  31 ... 105 103 109]
 [ 28  30  31 ... 124 127 127]
 [ 29  30  31 ... 135 132 128]]",ANGRY
118,"[[135 137 138 ...  85  86  86]
 [137 137 137 ...  70  79  77]
 [137 139 141 ...  85  81  68]
 ...
 [ 29  30  31 ...  94  97 112]
 [ 32  32  30 ... 126 125 126]
 [ 31  31  31 ... 133 132 126]]",ANGRY
119,"[[ 98  99  98 ...  22  22  21]
 [ 90  94  91 ...  24  24  21]
 [ 52  61  71 ...  29  23  22]
 ...
 [ 28  31  27 ... 127 165 155]
 [ 39  32  28 ... 104 141 157]
 [ 51  33  32 ... 102  98 103]]",SAD
120,"[[134 135 141 ...  69  96 110]
 [134 136 139 ...  69  73  71]
 [136 136 138 ...  80  85  80]
 ...
 [ 31  33  35 ... 111 102 101]
 [ 30  32  31 ... 119 118 123]
 [ 30  31  29 ... 127 123 123]]",ANGRY
121,"[[ 90  97 100 ...  20  21  22]
 [ 86  88  93 ...  24  21  23]
 [ 62  39  51 ...  24  25  25]
 ...
 [ 71  49  34 ... 101  95  71]
 [ 68  49  36 ... 109 112 104]
 [ 51  47  37 ... 126 122 111]]",SAD
122,"[[134 137 139 ...  60  82 105]
 [135 140 139 ...  66  68  70]
 [138 138 138 ...  73  78  82]
 ...
 [ 32  35  36 ... 104  97  94]
 [ 30  30  32 ... 110 118 121]
 [ 31  31  31 ... 125 123 121]]",SAD
123,"[[137 132 136 ... 111 111 104]
 [138 135 139 ...  71  60  60]
 [138 137 138 ...  94 110 106]
 ...
 [ 31  30  28 ... 123 121 120]
 [ 31  32  30 ... 125 125 123]
 [ 30  31  31 ... 129 129 125]]",ANGRY
124,"[[ 69  61  58 ... 114 119 121]
 [133 135 136 ... 112 108 105]
 [136 137 138 ...  74  67  63]
 ...
 [ 31  30  30 ... 122 120 122]
 [ 30  30  30 ... 122 121 122]
 [ 30  29  30 ... 124 123 161]]",ANGRY
125,"[[ 29  28  29 ... 107 113 119]
 [ 34  35  31 ... 108 103 102]
 [125 121 115 ...  71  63  59]
 ...
 [ 27  27  28 ... 113 109 111]
 [ 25  26  27 ... 112 112 116]
 [ 30  27  28 ... 112 114 119]]",ANGRY
126,"[[200 211 218 ... 134 129 127]
 [204 216 221 ... 134 127 127]
 [202 209 217 ... 135 134 132]
 ...
 [132 153 175 ... 209 208 203]
 [130 142 173 ... 209 209 205]
 [132 135 193 ... 211 209 203]]",NEUTRAL
127,"[[ 81  76  55 ...  92  81  67]
 [ 78  76  52 ...  63  68  66]
 [ 33  32  32 ...  57  52  55]
 ...
 [ 30  27  27 ... 114 123 184]
 [ 27  29  28 ... 109 113 164]
 [ 31  29  32 ... 108 111 147]]",ANGRY
128,"[[ 19  19  17 ...  43  28  21]
 [ 20  19  19 ...  39  27  20]
 [ 20  20  19 ...  35  25  21]
 ...
 [165 169 177 ... 248 255 255]
 [172 170 179 ... 251 255 254]
 [176 173 178 ... 253 255 255]]",NEUTRAL
129,"[[ 24  21  18 ... 127 120 114]
 [ 22  20  18 ... 135 132 129]
 [ 19  19  18 ... 142 140 139]
 ...
 [ 22  23  23 ...  87  72  58]
 [ 22  22  23 ...  75  63  53]
 [ 20  21  22 ...  63  54  49]]",SAD
130,"[[ 32  22  22 ...  54  38  26]
 [ 61  28  22 ...  55  38  26]
 [ 44  43  25 ...  58  40  26]
 ...
 [220 224 231 ... 255 255 255]
 [224 225 230 ... 255 255 255]
 [221 223 231 ... 255 255 255]]",NEUTRAL
131,"[[ 64  48  51 ...  65  56  38]
 [ 65  48  81 ...  72  57  38]
 [ 72  30  55 ...  64  61  40]
 ...
 [231 231 231 ... 253 254 254]
 [226 234 227 ... 254 255 254]
 [226 234 229 ... 254 255 254]]",NEUTRAL
132,"[[130  49  50 ...  65  51  33]
 [127  40  71 ...  66  54  35]
 [111  52  53 ...  62  54  34]
 ...
 [217 236 228 ... 253 252 254]
 [222 230 225 ... 253 254 254]
 [228 229 230 ... 251 255 254]]",NEUTRAL
133,"[[139  73  42 ...  68  55  36]
 [130  67  50 ...  69  57  37]
 [102  79  34 ...  58  59  38]
 ...
 [216 233 231 ... 255 252 255]
 [222 229 231 ... 255 252 255]
 [228 227 233 ... 253 253 255]]",SURPRISE
134,"[[136  59  49 ...  62  50  33]
 [131  47  65 ...  67  54  33]
 [111  61  48 ...  63  57  37]
 ...
 [215 235 230 ... 255 253 254]
 [219 232 232 ... 255 252 255]
 [227 228 231 ... 254 252 255]]",ANGRY
135,"[[139  88  42 ...  60  45  30]
 [132  72  49 ...  63  48  30]
 [122  77  43 ...  66  50  31]
 ...
 [215 232 230 ... 255 252 254]
 [223 228 233 ... 254 252 255]
 [230 223 232 ... 252 253 255]]",NEUTRAL
136,"[[132  61  38 ...  54  37  26]
 [127  42  60 ...  58  37  25]
 [127  38  75 ...  60  40  26]
 ...
 [214 236 230 ... 254 253 254]
 [217 233 231 ... 253 253 254]
 [224 228 228 ... 252 255 254]]",ANGRY
137,"[[ 69  44  34 ...  64  48  32]
 [ 51  55  50 ...  69  50  34]
 [ 53  58  77 ...  76  56  36]
 ...
 [235 228 233 ... 255 255 252]
 [236 229 233 ... 255 255 253]
 [233 229 232 ... 255 253 254]]",ANGRY
138,"[[ 83  41  51 ...  71  58  41]
 [ 74  46  84 ...  78  65  43]
 [ 83  33  81 ...  85  73  48]
 ...
 [234 226 233 ... 255 255 252]
 [235 229 234 ... 255 255 252]
 [233 231 234 ... 255 255 253]]",NEUTRAL
139,"[[108  38  51 ...  71  59  43]
 [ 97  38  81 ...  75  62  42]
 [106  31  80 ...  82  66  47]
 ...
 [235 227 233 ... 255 255 252]
 [233 229 233 ... 255 255 252]
 [229 235 232 ... 255 255 253]]",ANGRY
140,"[[121  39  58 ...  73  62  44]
 [115  32  80 ...  78  68  46]
 [110  40  59 ...  86  74  52]
 ...
 [233 230 233 ... 255 255 252]
 [229 234 231 ... 255 255 252]
 [223 235 230 ... 255 255 252]]",ANGRY
141,"[[ 84  41  44 ...  67  54  40]
 [ 69  48  71 ...  71  58  40]
 [ 79  39  84 ...  80  68  44]
 ...
 [236 229 232 ... 255 255 252]
 [236 230 234 ... 255 255 252]
 [234 232 235 ... 255 254 253]]",NEUTRAL
142,"[[124  37  62 ...  75  65  49]
 [125  37  72 ...  83  70  55]
 [ 82  46  39 ...  87  80  62]
 ...
 [234 231 232 ... 255 255 253]
 [228 235 231 ... 255 255 253]
 [221 234 229 ... 255 255 252]]",ANGRY
143,"[[137  81  43 ...  71  58  41]
 [134  74  47 ...  76  60  41]
 [100  86  32 ...  85  70  46]
 ...
 [215 235 230 ... 255 255 253]
 [219 233 232 ... 255 254 253]
 [225 229 230 ... 255 252 253]]",NEUTRAL
144,"[[133  42  67 ...  85  76  64]
 [113  58  46 ...  92  84  70]
 [ 58  47  26 ...  87  86  78]
 ...
 [234 233 234 ... 255 255 255]
 [228 234 233 ... 255 255 255]
 [223 236 229 ... 255 255 254]]",NEUTRAL
145,"[[137  69  50 ...  82  74  57]
 [108  81  36 ...  93  83  65]
 [ 63  50  28 ...  85  81  74]
 ...
 [228 235 230 ... 255 255 254]
 [222 236 232 ... 255 255 253]
 [221 235 226 ... 255 255 252]]",NEUTRAL
146,"[[137  89  42 ...  76  67  46]
 [121 100  34 ...  82  72  52]
 [ 73  64  30 ...  86  80  60]
 ...
 [219 236 232 ... 255 255 252]
 [219 234 231 ... 255 254 252]
 [224 231 230 ... 255 253 253]]",NEUTRAL
147,"[[138  89  41 ...  76  65  44]
 [116  96  32 ...  84  71  51]
 [ 68  61  30 ...  87  80  58]
 ...
 [217 235 231 ... 255 255 252]
 [221 233 232 ... 255 254 253]
 [227 230 233 ... 255 251 253]]",NEUTRAL
148,"[[124  41  61 ...  71  54  37]
 [125  37  77 ...  73  58  40]
 [ 94  46  48 ...  80  65  44]
 ...
 [232 231 235 ... 255 254 253]
 [227 235 233 ... 255 253 254]
 [223 236 226 ... 255 252 254]]",HAPPY
149,"[[135  60  49 ...  71  56  39]
 [135  54  59 ...  76  59  40]
 [ 93  65  37 ...  87  68  45]
 ...
 [224 236 229 ... 255 255 252]
 [219 235 231 ... 255 254 252]
 [223 233 228 ... 255 252 253]]",NEUTRAL
150,"[[137  88  41 ...  77  67  48]
 [121  95  32 ...  85  71  55]
 [ 71  63  28 ...  87  78  61]
 ...
 [220 236 230 ... 255 255 253]
 [218 233 232 ... 255 255 252]
 [225 232 232 ... 255 254 252]]",NEUTRAL
151,"[[140  78  45 ...  75  63  45]
 [132  82  43 ...  80  66  47]
 [ 86  77  29 ...  86  76  54]
 ...
 [223 236 230 ... 255 255 252]
 [218 235 231 ... 255 254 252]
 [224 233 229 ... 255 253 253]]",NEUTRAL
152,"[[140 139  72 ...  71  64  49]
 [138 135  51 ...  76  68  50]
 [119 131  58 ...  82  71  55]
 ...
 [215 229 234 ... 255 255 252]
 [224 222 236 ... 255 255 252]
 [230 222 234 ... 255 255 252]]",HAPPY
153,"[[139  76  37 ...  68  55  39]
 [134  57  54 ...  71  57  41]
 [135  52  63 ...  78  65  43]
 ...
 [227 236 229 ... 255 255 253]
 [216 236 229 ... 255 255 253]
 [219 234 233 ... 255 254 252]]",HAPPY
154,"[[140 129  50 ...  71  63  49]
 [134 126  37 ...  80  69  50]
 [109 117  42 ...  86  77  56]
 ...
 [212 231 232 ... 255 255 254]
 [223 225 237 ... 255 255 253]
 [231 222 236 ... 255 255 251]]",HAPPY
155,"[[139 120  36 ...  80  74  62]
 [124 123  36 ...  91  82  71]
 [ 77  72  39 ...  94  90  80]
 ...
 [216 236 231 ... 255 255 255]
 [219 234 234 ... 255 255 255]
 [225 228 234 ... 255 255 254]]",HAPPY
156,"[[117  35  70 ...  72  59  41]
 [119  35  77 ...  78  65  44]
 [ 63  37  36 ...  85  72  50]
 ...
 [235 228 237 ... 255 255 252]
 [232 234 236 ... 255 254 253]
 [228 233 231 ... 255 252 254]]",ANGRY
157,"[[113  38  67 ...  70  54  39]
 [114  33  81 ...  73  60  41]
 [ 73  33  43 ...  81  68  43]
 ...
 [233 230 236 ... 255 254 253]
 [230 234 234 ... 255 253 253]
 [225 234 230 ... 255 252 254]]",NEUTRAL
158,"[[ 80  44  53 ...  70  55  39]
 [ 76  44  81 ...  74  62  41]
 [ 67  29  55 ...  78  65  44]
 ...
 [235 230 235 ... 255 255 252]
 [235 231 239 ... 255 254 252]
 [231 231 237 ... 255 252 253]]",NEUTRAL
159,"[[106  39  66 ...  68  54  39]
 [105  34  80 ...  73  59  42]
 [ 73  30  46 ...  81  70  47]
 ...
 [236 230 235 ... 255 255 253]
 [234 233 237 ... 255 253 252]
 [229 232 234 ... 255 251 254]]",NEUTRAL
160,"[[137 100  37 ...  78  74  66]
 [117 103  30 ...  89  85  76]
 [ 65  58  31 ...  96  92  85]
 ...
 [226 235 231 ... 254 255 255]
 [219 237 230 ... 255 255 255]
 [220 235 229 ... 255 255 255]]",HAPPY
161,"[[138 115  35 ...  75  71  62]
 [125 115  32 ...  83  80  70]
 [ 82  80  36 ...  94  90  80]
 ...
 [221 236 230 ... 255 255 255]
 [213 235 231 ... 255 255 255]
 [220 231 231 ... 255 255 254]]",HAPPY
162,"[[138  62  46 ...  74  70  58]
 [136  53  59 ...  80  74  63]
 [100  62  40 ...  90  85  69]
 ...
 [236 232 234 ... 255 255 255]
 [230 233 231 ... 255 255 255]
 [226 236 232 ... 255 255 254]]",HAPPY
163,"[[114  33  76 ...  73  66  49]
 [112  36  67 ...  84  73  56]
 [ 52  34  29 ...  90  80  62]
 ...
 [234 229 236 ... 255 255 253]
 [231 234 235 ... 255 255 252]
 [226 234 230 ... 255 255 251]]",NEUTRAL
164,"[[131  45  61 ...  75  64  48]
 [127  51  58 ...  82  70  54]
 [ 64  44  30 ...  90  79  60]
 ...
 [232 231 234 ... 255 255 254]
 [228 234 233 ... 255 255 253]
 [223 234 226 ... 255 255 252]]",ANGRY
165,"[[121  33  75 ...  77  65  49]
 [112  39  60 ...  85  73  58]
 [ 49  34  26 ...  90  81  63]
 ...
 [236 230 236 ... 255 255 252]
 [234 233 237 ... 255 255 253]
 [231 230 236 ... 255 254 252]]",NEUTRAL
166,"[[127  52  57 ...  85  75  61]
 [ 63  44  28 ...  90  84  71]
 [ 54  39  25 ...  88  83  74]
 ...
 [234 232 236 ... 255 255 254]
 [230 234 232 ... 255 255 252]
 [224 234 231 ... 255 255 251]]",NEUTRAL
167,"[[ 42  63  61 ...  75  63  48]
 [ 49  42  58 ...  81  69  52]
 [ 37  25  25 ...  86  76  56]
 ...
 [230 234 235 ... 255 255 251]
 [234 235 237 ... 255 255 251]
 [235 228 239 ... 255 254 253]]",ANGRY
168,"[[ 38  65  56 ...  67  62  54]
 [ 35  30  32 ...  43  46  53]
 [ 38  25  25 ...  47  49  56]
 ...
 [229 236 234 ... 255 255 253]
 [235 234 238 ... 255 255 252]
 [236 226 238 ... 255 254 252]]",ANGRY
169,"[[ 63  48  73 ...  70  64  57]
 [ 61  29  49 ...  43  45  55]
 [ 40  25  24 ...  47  44  54]
 ...
 [233 232 235 ... 255 255 254]
 [236 230 239 ... 255 255 253]
 [233 226 240 ... 255 255 253]]",ANGRY
170,"[[ 82  43  39 ...  49  45  45]
 [ 48  35  24 ...  49  46  44]
 [ 70  47  31 ...  72  59  53]
 ...
 [236 229 238 ... 255 255 255]
 [236 229 238 ... 255 255 254]
 [233 226 238 ... 255 255 252]]",ANGRY
171,"[[ 92  31  57 ...  50  44  52]
 [ 45  30  26 ...  47  41  51]
 [ 63  38  28 ...  60  49  55]
 ...
 [234 231 238 ... 255 255 253]
 [235 228 239 ... 255 255 251]
 [235 224 239 ... 255 254 251]]",ANGRY
172,"[[ 84  32  65 ...  40  40  52]
 [ 44  28  27 ...  47  42  50]
 [ 52  33  26 ...  64  52  55]
 ...
 [231 234 236 ... 255 255 252]
 [234 234 238 ... 255 255 251]
 [235 225 239 ... 255 254 252]]",ANGRY
173,"[[124  35  75 ... 104  98  85]
 [107  38  53 ...  88  80  76]
 [ 48  34  25 ...  56  55  50]
 ...
 [235 228 234 ... 255 255 255]
 [235 228 237 ... 255 255 255]
 [231 232 236 ... 255 255 255]]",HAPPY
174,"[[ 55  54  74 ...  96  90  82]
 [ 58  33  57 ...  98  93  91]
 [ 39  27  25 ...  68  70  70]
 ...
 [228 232 231 ... 255 255 255]
 [230 233 237 ... 255 255 255]
 [234 231 238 ... 255 255 255]]",HAPPY
175,"[[129  64  47 ...  76  78  69]
 [ 74  58  29 ...  94  97  87]
 [ 53  40  28 ... 100 102 100]
 ...
 [234 229 235 ... 255 255 254]
 [230 232 235 ... 255 255 254]
 [227 232 230 ... 255 255 251]]",HAPPY
176,"[[104 108  37 ...  83  87  80]
 [ 58  48  32 ...  99  99  96]
 [ 74  60  37 ... 100  97  96]
 ...
 [220 235 227 ... 255 255 255]
 [215 232 229 ... 255 255 255]
 [219 232 224 ... 255 255 254]]",HAPPY
177,"[[129  52  55 ...  79  77  66]
 [ 65  49  31 ...  88  86  73]
 [ 53  37  26 ...  97  98  84]
 ...
 [233 229 235 ... 255 255 254]
 [229 232 233 ... 255 255 253]
 [223 234 224 ... 255 255 252]]",HAPPY
178,"[[134  54  62 ...  69  63  53]
 [105  59  43 ...  76  70  58]
 [ 51  38  26 ...  90  81  64]
 ...
 [228 232 231 ... 255 255 253]
 [223 235 229 ... 255 255 252]
 [217 234 224 ... 255 254 251]]",HAPPY
179,"[[ 85  31  73 ...  76  71  64]
 [ 46  26  28 ...  82  78  73]
 [ 46  32  23 ...  97  93  86]
 ...
 [230 232 235 ... 255 255 253]
 [235 232 237 ... 255 255 251]
 [235 224 238 ... 255 255 251]]",HAPPY
180,"[[ 34  27  28 ...  80  75  68]
 [ 36  27  24 ...  91  86  75]
 [ 46  40  32 ...  89  89  84]
 ...
 [235 233 228 ... 255 255 251]
 [233 235 222 ... 255 254 250]
 [227 236 223 ... 255 253 252]]",ANGRY
181,"[[195 198 199 ...  51  48  44]
 [201 199 199 ...  51  50  46]
 [204 201 202 ...  50  51  50]
 ...
 [233 231 229 ... 118 112 111]
 [238 236 233 ... 128 119 116]
 [242 240 239 ... 140 133 134]]",ANGRY
182,"[[ 51  51  43 ... 159 157 154]
 [ 70  65  53 ... 163 161 157]
 [ 88  75  62 ... 168 165 161]
 ...
 [239 216 205 ... 122 110  89]
 [238 221 209 ... 134 114  96]
 [239 225 213 ... 141 120  92]]",NEUTRAL
183,"[[224 224 222 ... 147 145 142]
 [224 224 224 ... 151 148 147]
 [225 225 225 ... 152 151 149]
 ...
 [236 233 230 ... 125 132 127]
 [235 227 219 ... 107 121 125]
 [231 218 212 ...  91 104 109]]",SAD
184,"[[211 215 220 ... 138 154 160]
 [213 218 222 ... 110 144 154]
 [212 217 222 ...  77 119 146]
 ...
 [229 234 232 ...  70  75  83]
 [234 236 220 ...  67  71  76]
 [233 236 216 ...  67  71  76]]",SAD
185,"[[207 215 221 ... 152 153 156]
 [210 215 219 ... 137 154 159]
 [214 217 221 ...  98 140 156]
 ...
 [229 231 232 ...  73  82  93]
 [234 232 225 ...  71  73  84]
 [237 234 219 ...  69  69  77]]",SAD
186,"[[220 222 222 ... 152 151 147]
 [222 225 226 ... 155 151 150]
 [220 224 224 ... 161 156 152]
 ...
 [237 239 229 ... 123 131 130]
 [239 236 220 ...  97 115 124]
 [232 220 205 ...  92 108 118]]",SAD
187,"[[217 220 223 ... 150 146 144]
 [219 223 223 ... 154 151 148]
 [220 223 224 ... 158 156 155]
 ...
 [233 236 227 ... 128 140 131]
 [237 238 222 ... 100 123 124]
 [233 222 203 ...  88 107 115]]",SAD
188,"[[ 24  26  27 ...  65  64  56]
 [ 24  23  24 ...  73  65  57]
 [ 30  27  26 ...  82  73  57]
 ...
 [227 230 238 ... 253 233 244]
 [228 224 236 ... 254 243 247]
 [231 218 234 ... 253 245 251]]",NEUTRAL
189,"[[ 24  27  28 ...  69  63  61]
 [ 24  24  26 ...  76  65  62]
 [ 33  29  27 ...  85  77  64]
 ...
 [228 230 237 ... 255 241 236]
 [229 223 236 ... 255 245 246]
 [231 222 235 ... 254 246 251]]",HAPPY
190,"[[ 62  70  91 ...  80  64  51]
 [ 52  56  79 ...  56  44  46]
 [ 53  54  69 ...  57  66  83]
 ...
 [205 209 224 ... 112 108 210]
 [212 204 224 ... 112 119 224]
 [221 204 221 ... 112 144 227]]",SAD
191,"[[ 38  47  47 ... 148  86  36]
 [ 35  34  39 ... 152 108  45]
 [ 34  35  36 ... 161 114  59]
 ...
 [211 191 193 ...  87  92  94]
 [214 202 183 ...  99  98 102]
 [213 208 194 ... 101 103 101]]",SAD
192,"[[ 51  53  54 ...  46  31  29]
 [ 45  52  52 ...  62  34  30]
 [ 35  38  38 ...  78  36  31]
 ...
 [195 189 204 ...  91  93  95]
 [207 186 195 ...  96  98  99]
 [211 202 185 ... 104  98 103]]",SAD
193,"[[ 55  51  53 ...  39  33  30]
 [ 48  52  54 ...  42  35  29]
 [ 34  42  44 ...  54  37  32]
 ...
 [177 179 193 ...  82  89  93]
 [189 170 186 ...  94  96 101]
 [193 184 174 ...  99 100 101]]",SAD
194,"[[ 48  45  51 ... 117  51  20]
 [ 36  37  51 ... 111  68  22]
 [ 29  31  45 ... 122  87  30]
 ...
 [ 39  40  44 ...  18  19  20]
 [ 40  40  40 ...  19  20  21]
 [ 40  39  41 ...  20  21  22]]",SAD
195,"[[124 124 126 ... 154 158 135]
 [136 136 140 ... 163 179 133]
 [138 140 143 ... 119 170 141]
 ...
 [136 188 122 ...  19  19  22]
 [175 189 127 ...  18  22  22]
 [203 193 134 ...  19  21  22]]",SAD
196,"[[ 63  63  64 ... 155 167 145]
 [ 76  68  66 ... 152 171 148]
 [135 106 105 ...  93  99 104]
 ...
 [144 141 138 ...  32  34  36]
 [141 135 126 ...  30  32  34]
 [135 128 121 ...  31  32  33]]",SAD
197,"[[ 75  73  73 ...  46  46  52]
 [ 96  92  91 ...  34  41  61]
 [103 103 104 ...  36  50  70]
 ...
 [116 105  96 ...  38  37  38]
 [101  90  81 ...  35  36  40]
 [ 86  83  80 ...  37  39  44]]",SAD
198,"[[ 41  45  55 ... 119 114 112]
 [ 77 104 113 ... 123 116 109]
 [121 138 143 ... 127 116 108]
 ...
 [113 112 114 ...  48  45  45]
 [115 119 117 ...  46  47  48]
 [120 120 119 ...  44  46  45]]",SAD
199,"[[ 24  25  24 ...  24  25  28]
 [ 22  23  23 ...  25  25  27]
 [ 23  23  23 ...  24  25  24]
 ...
 [146 148 148 ...  45  44  45]
 [146 146 146 ...  45  41  41]
 [145 148 149 ...  46  41  40]]",SAD
200,"[[ 28  29  28 ... 110 161 183]
 [ 25  28  29 ... 118 165 182]
 [ 23  26  26 ... 123 169 186]
 ...
 [165 159 154 ... 113 126 134]
 [163 157 148 ... 118 123 136]
 [161 154 151 ... 113 121 135]]",FEAR
201,"[[ 42  38  39 ... 140 145 148]
 [ 42  40  41 ... 137 142 148]
 [ 41  41  41 ... 139 145 151]
 ...
 [ 39  40  40 ...  62  62  63]
 [ 40  41  42 ...  65  63  63]
 [ 41  41  45 ...  64  64  61]]",SAD
202,"[[ 25  25  23 ... 170 170 167]
 [ 21  22  24 ... 170 171 170]
 [ 22  21  23 ... 170 172 171]
 ...
 [ 38  41  48 ...  38  41  43]
 [ 37  37  44 ...  40  42  46]
 [ 38  38  40 ...  40  44  47]]",HAPPY
203,"[[171 173 176 ... 115 109 102]
 [172 172 171 ...  81  83  84]
 [170 170 168 ...  53  57  66]
 ...
 [141 129 117 ...  79  91 104]
 [124 112 105 ...  82  94 103]
 [111 103  95 ...  85  96 105]]",SAD
204,"[[156 152 148 ...  39  40  45]
 [153 147 147 ...  39  40  43]
 [147 145 142 ...  40  39  41]
 ...
 [ 89  90  88 ... 162 177 204]
 [ 81  80  79 ... 180 166 189]
 [ 68  70  68 ... 202 169 171]]",ANGRY
205,"[[134 139 144 ...  42  43  43]
 [137 138 146 ...  38  39  42]
 [143 143 149 ...  38  39  40]
 ...
 [ 69  72  69 ... 232 228 234]
 [ 60  64  64 ... 232 229 232]
 [ 53  53  55 ... 232 226 227]]",SAD
206,"[[135 130 122 ...  91  82  78]
 [123 122 113 ...  91  84  74]
 [ 92  91  89 ...  89  84  76]
 ...
 [136 101  84 ... 217 221 239]
 [149 118  89 ... 221 224 240]
 [162 139 109 ... 231 236 245]]",SAD
207,"[[128 135 139 ...  58  39  35]
 [ 68  75  83 ...  53  36  33]
 [ 74  68  67 ...  53  37  33]
 ...
 [143 145 147 ... 251 250 249]
 [143 144 149 ... 249 249 247]
 [142 144 153 ... 249 250 247]]",HAPPY
